filename,x11,y11,x12,y12,gps11,gps12,x21,y21,x22,y22,gps21,gps22,and so on 
170_RGB.tif,3213.842529296875,98.77151489257812,3376.5966796875,262.71124267578125,0,0,527.7384033203125,1032.117431640625,614.1278076171875,1126.6597900390625,0,0,1989.5814208984375,1517.802734375,2083.403564453125,1615.0750732421875,0,0,1429.602783203125,896.0485229492188,1529.9630126953125,997.560302734375,0,0,3453.689453125,645.4285888671875,3538.94677734375,738.82958984375,0,0,785.8126220703125,933.924560546875,881.8236083984375,1025.2322998046875,0,0
90_RGB.tif,1576.3929443359375,1762.453369140625,1682.18115234375,1868.447021484375,0,0,1509.1358642578125,624.4595336914062,1603.8619384765625,727.9752197265625,0,0,115.61272430419922,552.0237426757812,235.0694580078125,663.634033203125,0,0,7.43199348449707,1125.623046875,149.00244140625,1228.88720703125,0,0,525.9646606445312,1663.2432861328125,650.3514404296875,1765.2149658203125,0,0,504.5550842285156,1097.361328125,666.5054931640625,1234.40966796875,0,0,3002.89013671875,2863.91796875,3066.947509765625,2940.73876953125,0,0
157_RGB.tif,2233.412353515625,1234.434326171875,2370.493896484375,1367.5953369140625,0,0,954.3804931640625,1590.18603515625,1080.4859619140625,1709.3360595703125,0,0,1387.764892578125,2734.0703125,1525.969482421875,2866.38720703125,0,0,1164.477294921875,2906.2841796875,1262.1903076171875,3000.0,0,0,46.462852478027344,2021.0489501953125,166.30838012695312,2137.984375,0,0
187_RGB.tif,867.721923828125,328.9154052734375,1001.1304321289062,470.314697265625,0,0,1364.140869140625,2052.607421875,1466.3759765625,2160.917236328125,0,0,3251.462646484375,2467.021240234375,3336.851318359375,2565.290283203125,0,0,3063.358642578125,2476.921875,3228.999267578125,2601.201171875,0,0,806.59521484375,549.2565307617188,910.9232788085938,645.82275390625,0,0,653.7550659179688,330.2557678222656,777.2084350585938,434.1376953125,0,0,1818.08984375,1585.9375,1963.6943359375,1753.824462890625,0,0,1867.2874755859375,1866.0076904296875,1987.26611328125,1972.5341796875,0,0
169_RGB.tif,3348.776611328125,270.17352294921875,3430.25244140625,376.17327880859375,0,0,2142.79345703125,1558.8121337890625,2211.7080078125,1626.84423828125,0,0,3785.1982421875,1844.943603515625,3885.38232421875,1942.079345703125,0,0
197_RGB.tif,1504.5250244140625,1658.6092529296875,1586.2525634765625,1736.92529296875,0,0,1544.7412109375,2169.369140625,1699.0889892578125,2302.5546875,0,0,2960.131103515625,1030.8134765625,3070.90576171875,1100.0,0,0,1401.8079833984375,2097.5556640625,1482.875732421875,2175.080078125,0,0,2250.389404296875,2046.5301513671875,2353.354248046875,2150.29345703125,0,0
137_RGB.tif,1133.363037109375,2321.1884765625,1232.8203125,2428.197998046875,0,0,1924.82568359375,1655.488037109375,2030.92578125,1754.6075439453125,0,0,2565.0478515625,1774.9619140625,2687.57666015625,1878.5775146484375,0,0,3523.24072265625,993.4937133789062,3638.80078125,1088.89794921875,0,0,3881.04541015625,2541.272705078125,3979.61083984375,2630.877197265625,0,0,350.9376220703125,1511.718505859375,431.92095947265625,1583.9569091796875,0,0
190_RGB.tif,972.6841430664062,1286.686279296875,1062.77734375,1364.005126953125,0,0,1152.51416015625,1266.34765625,1300.4901123046875,1395.739013671875,0,0,2165.026611328125,2692.201904296875,2313.88916015625,2819.22216796875,0,0,2525.369873046875,2057.462646484375,2622.629638671875,2161.13720703125,0,0,1109.54736328125,1501.3975830078125,1199.1925048828125,1572.530517578125,0,0
175_RGB.tif,1714.65673828125,1936.1376953125,1821.3948974609375,2042.7943115234375,0,0,1303.85986328125,2188.569580078125,1396.587646484375,2285.669677734375,0,0,3669.53662109375,2112.085205078125,3760.17626953125,2186.7333984375,0,0,1126.7589111328125,2278.0888671875,1259.0933837890625,2396.662353515625,0,0
152_RGB.tif,1554.4306640625,1304.4176025390625,1655.618896484375,1421.6126708984375,0,0,1200.4620361328125,1114.5272216796875,1310.203125,1251.5714111328125,0,0,1009.624755859375,930.3385009765625,1100.0,1019.6302490234375,0,0,1021.9736938476562,1055.813720703125,1171.004150390625,1187.977783203125,0,0,1249.551025390625,793.356201171875,1373.415771484375,938.8767700195312,0,0,1843.980224609375,1500.0,1915.6357421875,1546.0313720703125,0,0,3843.151123046875,1332.239990234375,3957.5908203125,1436.356201171875,0,0
162_RGB.tif,503.65557861328125,1606.5455322265625,600.8511962890625,1699.7188720703125,0,0,1197.996826171875,1133.942138671875,1281.990966796875,1218.110107421875,0,0,2001.6044921875,1633.5665283203125,2059.21826171875,1697.1796875,0,0
123_RGB.tif,3214.55908203125,547.9700927734375,3319.717041015625,662.290771484375,0,0,1382.9298095703125,1879.372314453125,1481.961181640625,1974.512451171875,0,0,1028.010986328125,1227.2059326171875,1142.7752685546875,1342.3660888671875,0,0,2857.954833984375,2151.708251953125,2952.88671875,2235.427734375,0,0,908.9640502929688,2322.128662109375,1056.227294921875,2434.4248046875,0,0,1165.2232666015625,40.956871032714844,1269.4163818359375,134.3712158203125,0,0,2000.0,2644.348388671875,2154.916015625,2780.23388671875,0,0
95_RGB.tif,2115.0078125,2254.843505859375,2242.6142578125,2388.2578125,0,0,777.4013671875,2170.098876953125,871.1885986328125,2281.585693359375,0,0,776.2700805664062,920.5037231445312,890.376220703125,1019.1866455078125,0,0,3073.089599609375,1690.3939208984375,3168.998046875,1769.1728515625,0,0,688.2230224609375,1028.8218994140625,789.3173828125,1138.9932861328125,0,0
207_RGB.tif,223.67408752441406,1299.9921875,321.0887145996094,1382.125732421875,0,0,1301.29150390625,150.97830200195312,1409.831298828125,257.9417419433594,0,0,942.691162109375,1104.784423828125,1046.5570068359375,1209.329833984375,0,0,2068.877685546875,648.7544555664062,2151.544921875,728.6786499023438,0,0,1657.693359375,2666.827392578125,1775.54931640625,2790.868896484375,0,0
145_RGB.tif,1392.68505859375,1939.1119384765625,1482.86767578125,2018.3408203125,0,0,2000.49609375,2162.252197265625,2097.964111328125,2247.580810546875,0,0,1214.145263671875,1788.221435546875,1356.8023681640625,1942.1351318359375,0,0,2619.652587890625,1.9422283172607422,2718.960693359375,119.2444839477539,0,0
139_RGB.tif,1258.652099609375,2459.224853515625,1354.4130859375,2534.290771484375,0,0,1821.3614501953125,1588.4666748046875,1932.176025390625,1701.040771484375,0,0,2472.44970703125,1546.74072265625,2589.8798828125,1652.429931640625,0,0,247.310302734375,1897.177001953125,354.87615966796875,1986.988525390625,0,0,3445.15234375,8.122461318969727,3549.62939453125,137.21755981445312,0,0
191_RGB.tif,967.7689208984375,1242.7740478515625,1041.279052734375,1318.7039794921875,0,0,1272.6556396484375,1650.7401123046875,1421.60498046875,1786.74365234375,0,0,2613.915771484375,2010.0408935546875,2722.043701171875,2100.0,0,0
127_RGB.tif,3669.5166015625,1916.28271484375,3799.625244140625,2050.20947265625,0,0,1553.011474609375,631.6327514648438,1638.2584228515625,716.998779296875,0,0,1265.98046875,500.0,1362.8228759765625,593.947509765625,0,0,1450.3670654296875,2511.175048828125,1577.4404296875,2653.3896484375,0,0,1741.657958984375,553.3084106445312,1841.64306640625,659.763427734375,0,0,3844.12255859375,1471.2572021484375,3957.0625,1556.8961181640625,0,0,1589.58447265625,1397.8338623046875,1690.1553955078125,1502.422607421875,0,0,1078.68994140625,1077.4873046875,1204.233642578125,1238.904541015625,0,0
94_RGB.tif,544.3889770507812,2474.562255859375,661.9002685546875,2592.49658203125,0,0,2013.0540771484375,1952.6448974609375,2119.5927734375,2078.9931640625,0,0,651.4705200195312,609.2789306640625,754.4557495117188,705.0133056640625,0,0,649.5936279296875,1873.1669921875,759.1702880859375,1989.74462890625,0,0,2945.876708984375,1226.2919921875,3017.6123046875,1301.818603515625,0,0,204.06033325195312,1085.6593017578125,290.07635498046875,1171.2156982421875,0,0,2790.9384765625,1367.2274169921875,2907.270263671875,1481.091552734375,0,0,2968.44384765625,1380.2197265625,3042.15673828125,1460.4071044921875,0,0,1102.0491943359375,825.4549560546875,1211.5909423828125,944.2682495117188,0,0
97_RGB.tif,2342.232666015625,2866.7685546875,2449.78466796875,2994.260986328125,0,0,3121.92578125,2297.004150390625,3236.859619140625,2407.028564453125,0,0,1003.6178588867188,1576.8876953125,1093.37646484375,1688.3070068359375,0,0,902.35107421875,1700.1612548828125,1010.7472534179688,1816.691650390625,0,0,540.318603515625,2068.100830078125,637.6091918945312,2160.27587890625,0,0,686.5341796875,177.9700927734375,825.984619140625,318.59466552734375,0,0
99_RGB.tif,542.8712158203125,206.08204650878906,636.5867919921875,294.11688232421875,0,0,907.220703125,798.654052734375,1030.03125,921.892822265625,0,0,1139.39013671875,2364.873291015625,1258.17919921875,2491.9462890625,0,0,774.7136840820312,2735.93896484375,871.3693237304688,2832.196044921875,0,0
103_RGB.tif,114.70703887939453,2498.817626953125,208.8094482421875,2573.1064453125,0,0,944.029052734375,1381.90380859375,1029.6617431640625,1466.358642578125,0,0,256.97027587890625,614.1317138671875,384.4606018066406,745.816650390625,0,0,1403.929443359375,891.8052978515625,1519.19482421875,1000.7120971679688,0,0,524.2593383789062,135.68380737304688,597.5825805664062,218.6667938232422,0,0,1307.274169921875,2000.0,1431.02978515625,2104.5546875,0,0
124_RGB.tif,3322.386474609375,888.8441772460938,3438.100830078125,993.68505859375,0,0,1125.1219482421875,1571.811767578125,1273.3460693359375,1700.1533203125,0,0,1055.7000732421875,2655.13525390625,1186.993408203125,2781.84912109375,0,0,2998.52734375,2470.08740234375,3078.365478515625,2548.05615234375,0,0,1520.16357421875,2224.834228515625,1598.604248046875,2315.921875,0,0,1256.2705078125,403.1234436035156,1356.62255859375,502.8042297363281,0,0
219_RGB.tif,2368.9287109375,1216.8466796875,2485.63525390625,1334.63623046875,0,0,2910.427001953125,345.2200622558594,3028.316162109375,471.1626892089844,0,0,3411.66162109375,1651.5703125,3529.50830078125,1776.5792236328125,0,0,1400.861328125,654.4912719726562,1514.58837890625,767.9487915039062,0,0,627.092041015625,1262.124267578125,725.3667602539062,1363.78125,0,0,1712.114013671875,444.6356506347656,1843.03759765625,566.051513671875,0,0,3620.4775390625,2603.3212890625,3746.64697265625,2729.152099609375,0,0,793.942138671875,1992.112548828125,888.774658203125,2074.72021484375,0,0,919.1878051757812,1115.390869140625,1009.7278442382812,1201.752197265625,0,0
184_RGB.tif,2710.38818359375,1402.31005859375,2873.13720703125,1560.000244140625,0,0,1240.689697265625,2131.910400390625,1426.323486328125,2279.417724609375,0,0,1348.456298828125,2278.555908203125,1470.970458984375,2400.2802734375,0,0,1384.4483642578125,1807.08447265625,1517.1494140625,1929.462646484375,0,0,776.8992919921875,2046.520751953125,880.748046875,2149.11376953125,0,0,1164.151611328125,2431.35791015625,1285.5765380859375,2575.5615234375,0,0,2886.99560546875,1409.9443359375,2985.252197265625,1500.37158203125,0,0,502.41949462890625,1962.5579833984375,589.3895263671875,2046.21240234375,0,0
210_RGB.tif,1719.9664306640625,2447.79638671875,1841.524658203125,2567.0947265625,0,0,331.07843017578125,2728.311279296875,435.775634765625,2825.271484375,0,0,3463.378662109375,2335.4091796875,3588.7578125,2452.355224609375,0,0,2500.0,2915.2138671875,2557.625,2986.8935546875,0,0,964.916748046875,1776.814208984375,1079.4173583984375,1885.56103515625,0,0,1142.0042724609375,68.09368896484375,1251.5771484375,174.51669311523438,0,0,1241.8134765625,447.02056884765625,1325.9871826171875,527.2035522460938,0,0
222_RGB.tif,3496.0,1706.8043212890625,3571.84619140625,1800.6461181640625,0,0,2890.504638671875,358.0342712402344,3010.9208984375,483.2472839355469,0,0,2364.1845703125,1271.086669921875,2486.298095703125,1393.5400390625,0,0,1348.66552734375,723.0972290039062,1465.80517578125,851.5155639648438,0,0,565.911865234375,1380.624755859375,670.5599365234375,1490.0682373046875,0,0,3634.174560546875,115.0396499633789,3792.18310546875,279.081787109375,0,0,2000.0,572.9752807617188,2084.619384765625,691.4456787109375,0,0
128_RGB.tif,3803.0625,2264.76513671875,3932.7099609375,2389.005859375,0,0,2627.245361328125,0.0,2711.37646484375,72.31349182128906,0,0,50.579505920410156,103.60789489746094,144.57369995117188,213.44187927246094,0,0,1048.9078369140625,828.1925048828125,1117.2686767578125,890.8895263671875,0,0,1562.8284912109375,2828.81201171875,1702.20263671875,2963.44189453125,0,0,2745.388916015625,2482.010498046875,2841.433349609375,2568.93017578125,0,0
177_RGB.tif,2003.7464599609375,2726.821533203125,2092.546142578125,2812.209716796875,0,0,1783.0126953125,681.8340454101562,1871.974609375,782.5194091796875,0,0
221_RGB.tif,3445.787109375,1687.75,3566.58447265625,1808.8494873046875,0,0,2361.837890625,1263.64892578125,2491.03076171875,1385.5672607421875,0,0,2896.281982421875,370.36456298828125,3018.29541015625,487.57220458984375,0,0,1367.396728515625,707.5018310546875,1486.04931640625,841.0472412109375,0,0,594.1119995117188,1361.2349853515625,688.5820922851562,1457.0987548828125,0,0,3695.7705078125,2656.966552734375,3819.5205078125,2784.848388671875,0,0,787.8017578125,1397.884521484375,927.7242431640625,1545.1685791015625,0,0,3391.037841796875,588.5104370117188,3571.056640625,755.09033203125,0,0,1687.8463134765625,494.6798400878906,1808.76708984375,600.0,0,0
192_RGB.tif,1020.12890625,1507.8416748046875,1091.1893310546875,1583.138427734375,0,0,1334.242431640625,1910.852783203125,1481.5877685546875,2045.035400390625,0,0
200_RGB.tif,979.91162109375,1424.375244140625,1057.6864013671875,1518.630126953125,0,0,1425.08984375,1369.0133056640625,1504.2349853515625,1447.1385498046875,0,0
178_RGB.tif,1140.97314453125,323.39324951171875,1214.258544921875,400.0899353027344,0,0,634.0553588867188,1317.13623046875,739.57421875,1398.369140625,0,0,1890.27490234375,1082.027099609375,1965.0654296875,1183.5963134765625,0,0,1500.0,1370.4083251953125,1565.189453125,1449.738525390625,0,0
186_RGB.tif,738.9727172851562,40.057586669921875,895.438720703125,150.27809143066406,0,0,1000.0,2742.883544921875,1095.232666015625,2833.95654296875,0,0,3112.760498046875,2113.5009765625,3198.521484375,2212.390869140625,0,0,1621.7596435546875,2529.634765625,1753.1668701171875,2661.67724609375,0,0,1677.431640625,1232.344970703125,1824.777099609375,1386.338134765625,0,0
135_RGB.tif,793.1909790039062,1183.298095703125,909.81591796875,1284.91552734375,0,0,2144.87109375,1881.033935546875,2261.315185546875,1989.9591064453125,0,0,1819.087158203125,1338.4287109375,1924.7666015625,1430.05126953125,0,0,746.1405639648438,2299.581298828125,851.2739868164062,2418.966796875,0,0,3582.81689453125,2256.381591796875,3711.837890625,2387.72607421875,0,0,3192.144775390625,274.1456604003906,3317.693115234375,410.2636413574219,0,0,3337.2177734375,2055.64990234375,3492.83740234375,2159.478271484375,0,0
182_RGB.tif,533.3822021484375,1339.07177734375,652.6875,1472.5986328125,0,0,1025.62939453125,1443.72705078125,1153.613037109375,1553.22265625,0,0,2318.33642578125,2263.2880859375,2429.76416015625,2383.84619140625,0,0,1107.8782958984375,1576.9940185546875,1229.779296875,1678.75439453125,0,0,1033.7645263671875,2866.20703125,1150.3070068359375,2970.380859375,0,0,2630.966796875,696.4214477539062,2729.777587890625,798.4912109375,0,0
180_RGB.tif,2386.64794921875,0.0,2470.68017578125,78.36665344238281,0,0,2522.013916015625,1582.1328125,2611.075439453125,1679.985107421875,0,0,749.58984375,721.6397094726562,913.6116943359375,843.1777954101562,0,0,1853.036376953125,174.9918212890625,1984.726806640625,313.7398376464844,0,0,638.8681640625,714.387939453125,751.310546875,829.6439208984375,0,0,2062.348876953125,1530.7159423828125,2167.507568359375,1636.3387451171875,0,0,791.09521484375,2159.901611328125,904.6041870117188,2270.457763671875,0,0,2938.923828125,2430.705078125,3038.58740234375,2525.780029296875,0,0,1034.1441650390625,511.07098388671875,1144.8394775390625,604.302734375,0,0
171_RGB.tif,3336.590576171875,500.0,3468.994384765625,591.0592651367188,0,0,3571.8525390625,1001.7726440429688,3656.6474609375,1071.4320068359375,0,0,2103.881591796875,1890.23779296875,2218.7626953125,2003.529296875,0,0
151_RGB.tif,1545.22705078125,911.69775390625,1661.6302490234375,1049.72607421875,0,0,824.0653076171875,1000.0,919.4972534179688,1058.4168701171875,0,0,1213.3643798828125,749.4091796875,1301.335693359375,843.3920288085938,0,0,1031.2855224609375,657.868408203125,1158.8846435546875,794.1103515625,0,0,1013.8677978515625,539.2817993164062,1105.2088623046875,624.39794921875,0,0,2080.236572265625,1006.907958984375,2170.7734375,1079.8140869140625,0,0,696.790283203125,773.0358276367188,845.9745483398438,902.657958984375,0,0,1831.3294677734375,1102.1712646484375,1917.58203125,1186.515625,0,0
106_RGB.tif,1230.5118408203125,2286.840576171875,1319.54541015625,2373.13671875,0,0,187.57534790039062,1506.3826904296875,288.569091796875,1596.3729248046875,0,0
181_RGB.tif,2655.10546875,1963.2193603515625,2755.80322265625,2064.58935546875,0,0,1000.0,1231.37939453125,1090.668701171875,1305.7637939453125,0,0,767.9970703125,1072.809814453125,873.8660888671875,1176.620361328125,0,0,1018.927734375,725.149169921875,1136.0472412109375,851.3875732421875,0,0,920.3388671875,2516.42333984375,1039.068359375,2622.675048828125,0,0,3517.69580078125,2560.32666015625,3616.568603515625,2669.187255859375,0,0,435.3023986816406,1007.7588500976562,507.6307067871094,1104.687744140625,0,0,1513.6826171875,1427.509765625,1577.479736328125,1496.81005859375,0,0,2193.69970703125,1890.25146484375,2314.32568359375,2019.9169921875,0,0,2520.41650390625,352.30517578125,2599.103515625,428.26812744140625,0,0,1840.0299072265625,1947.222412109375,1940.35595703125,2049.045654296875,0,0,308.76348876953125,648.102783203125,493.10333251953125,824.292724609375,0,0,1868.0775146484375,2448.275390625,1983.17822265625,2564.126953125,0,0
173_RGB.tif,1571.0338134765625,1723.870361328125,1685.7017822265625,1837.2005615234375,0,0,3542.533203125,1925.7640380859375,3623.38427734375,2007.731201171875,0,0,1165.2210693359375,2001.68017578125,1233.639404296875,2054.928466796875,0,0,3365.19287109375,652.3855590820312,3511.390625,799.9937133789062,0,0
209_RGB.tif,382.37225341796875,1867.8514404296875,481.23052978515625,1969.510498046875,0,0,1440.4228515625,689.0494384765625,1546.650146484375,807.734619140625,0,0,1083.794189453125,1641.7003173828125,1198.2353515625,1750.962158203125,0,0,338.5442199707031,454.0798645019531,443.633056640625,561.0679321289062,0,0,3082.821533203125,218.96414184570312,3199.516357421875,340.5594482421875,0,0,1698.576171875,798.9761962890625,1831.81884765625,940.2855224609375,0,0
167_RGB.tif,1651.151611328125,358.4998779296875,1750.3912353515625,463.2225341796875,0,0
116_RGB.tif,1087.891845703125,2478.312255859375,1180.8504638671875,2574.9599609375,0,0,1394.889404296875,1020.8860473632812,1473.8848876953125,1093.014892578125,0,0,413.7309265136719,2801.41943359375,542.2642822265625,2926.195556640625,0,0
132_RGB.tif,1515.2529296875,382.72662353515625,1603.9898681640625,468.8992919921875,0,0,2081.694091796875,2268.076416015625,2178.1044921875,2364.29248046875,0,0,1762.86572265625,2064.966064453125,1872.4921875,2159.86572265625,0,0,3215.26708984375,1189.7034912109375,3317.3388671875,1292.692138671875,0,0,2999.96435546875,984.4051513671875,3087.64892578125,1067.36376953125,0,0
213_RGB.tif,3610.414794921875,1939.1888427734375,3744.485595703125,2046.66748046875,0,0,2509.86669921875,331.16259765625,2633.647705078125,442.20361328125,0,0,2886.76611328125,2000.0,2991.2568359375,2112.789306640625,0,0,2066.957275390625,2659.8583984375,2214.998291015625,2809.61572265625,0,0
168_RGB.tif,1762.3878173828125,752.981201171875,1850.7835693359375,843.970458984375,0,0,3728.4169921875,432.05682373046875,3870.3974609375,584.5221557617188,0,0,2035.4091796875,1196.3494873046875,2096.8125,1260.185791015625,0,0
114_RGB.tif,861.291259765625,1715.962646484375,961.247802734375,1817.332763671875,0,0,194.24420166015625,2046.700439453125,319.8887939453125,2159.9306640625,0,0,1167.7646484375,254.23887634277344,1255.0745849609375,341.8831787109375,0,0,1527.9781494140625,266.1583557128906,1591.40966796875,329.26446533203125,0,0,1336.395751953125,2176.66455078125,1468.67041015625,2309.730224609375,0,0,1622.623291015625,1071.281005859375,1831.78662109375,1222.92529296875,0,0
206_RGB.tif,134.71446228027344,1000.0664672851562,223.7585906982422,1072.57470703125,0,0,859.5425415039062,830.2572631835938,958.376220703125,928.7976684570312,0,0,1661.51318359375,363.3506164550781,1797.968505859375,492.115234375,0,0,1984.13134765625,351.05096435546875,2063.748291015625,438.01068115234375,0,0,2265.904296875,152.30323791503906,2373.508056640625,257.1550598144531,0,0
92_RGB.tif,311.45538330078125,1818.7628173828125,431.96380615234375,1934.377685546875,0,0,1789.3167724609375,1310.83349609375,1887.952392578125,1426.30859375,0,0,1827.56591796875,2426.912109375,1943.14697265625,2532.078125,0,0,790.8643188476562,2319.449462890625,915.3071899414062,2421.734619140625,0,0,423.48187255859375,1239.40478515625,528.4521484375,1344.484619140625,0,0,342.93743896484375,610.1488647460938,451.72344970703125,723.9610595703125,0,0,2564.40185546875,716.4849853515625,2664.77880859375,817.7590942382812,0,0
100_RGB.tif,1015.16845703125,1088.133544921875,1124.6160888671875,1197.29541015625,0,0,653.1658935546875,500.0,731.0811767578125,564.4692993164062,0,0,1313.4501953125,2513.352783203125,1440.405029296875,2702.39306640625,0,0,18.853116989135742,310.9240417480469,108.28211975097656,399.9815368652344,0,0
211_RGB.tif,319.4127197265625,2907.74462890625,431.68133544921875,2997.16943359375,0,0,1715.1915283203125,2531.6328125,1831.011962890625,2641.67626953125,0,0,1006.333984375,198.07846069335938,1088.3895263671875,280.64178466796875,0,0,3432.578125,2302.8115234375,3570.363037109375,2420.47705078125,0,0,912.9228515625,1904.76123046875,1029.028564453125,2006.456298828125,0,0
136_RGB.tif,2228.71728515625,2102.67578125,2339.70556640625,2210.876220703125,0,0,1888.919921875,1543.4520263671875,1993.4375,1639.08837890625,0,0,872.1744384765625,1402.817626953125,974.94677734375,1494.5450439453125,0,0,814.2388305664062,2526.012451171875,929.59619140625,2642.29248046875,0,0,3687.54296875,2481.17626953125,3795.7216796875,2600.0,0,0,3439.215576171875,2285.739013671875,3586.60791015625,2391.5927734375,0,0,3249.27880859375,500.0,3382.53466796875,593.177734375,0,0
134_RGB.tif,2011.46337890625,1493.929931640625,2121.495361328125,1600.0,0,0,672.9284057617188,824.2562866210938,788.6226806640625,921.6385498046875,0,0,1690.8515625,981.6507568359375,1803.927490234375,1074.623046875,0,0,3434.089111328125,1872.3798828125,3546.52978515625,1989.4482421875,0,0,614.6289672851562,1917.9285888671875,720.1416015625,2041.0252685546875,0,0,3725.013916015625,1611.8516845703125,3833.5966796875,1719.1568603515625,0,0
220_RGB.tif,2368.8583984375,1249.685791015625,2488.9990234375,1365.46826171875,0,0,3436.48876953125,1681.4046630859375,3550.802001953125,1803.154541015625,0,0,1385.505615234375,688.3076171875,1501.8734130859375,815.2835693359375,0,0,2902.22265625,362.09503173828125,3025.68310546875,492.4287414550781,0,0,1716.0767822265625,495.5644226074219,1817.82861328125,586.626220703125,0,0,618.1615600585938,1320.1988525390625,713.0235595703125,1425.26513671875,0,0,3658.41015625,2632.93115234375,3791.23828125,2764.3671875,0,0
102_RGB.tif,848.5851440429688,1082.19140625,935.2943115234375,1164.918212890625,0,0,1208.6268310546875,1670.251708984375,1339.8927001953125,1813.3629150390625,0,0,16.80491065979004,2183.6904296875,115.50377655029297,2256.255126953125,0,0,12.055970191955566,370.3862609863281,87.21896362304688,458.5518798828125,0,0
163_RGB.tif,882.1142578125,578.1988525390625,980.3380126953125,687.97705078125,0,0,2790.723876953125,1430.0721435546875,2889.802734375,1526.4913330078125,0,0,2862.831298828125,413.09613037109375,2977.63232421875,537.9161376953125,0,0
144_RGB.tif,1112.708251953125,1039.2618408203125,1181.9578857421875,1100.0,0,0,3208.50390625,2495.349609375,3311.590087890625,2589.39501953125,0,0,3442.51904296875,2006.4256591796875,3529.678955078125,2100.0,0,0,3560.26806640625,1513.65380859375,3668.5263671875,1600.0,0,0,1448.455322265625,1694.8551025390625,1565.18896484375,1807.803955078125,0,0,3647.533447265625,1500.0,3743.69677734375,1555.61376953125,0,0
129_RGB.tif,1776.767333984375,1287.6126708984375,1866.2393798828125,1377.3759765625,0,0,148.8073272705078,388.6416320800781,260.4656982421875,524.158935546875,0,0,1468.0914306640625,1117.4969482421875,1583.4493408203125,1232.65234375,0,0,2855.479248046875,2811.60791015625,2944.87939453125,2889.52880859375,0,0,1819.1942138671875,2070.925048828125,1914.0869140625,2154.987060546875,0,0,3916.271728515625,2598.68896484375,4059.14794921875,2746.516357421875,0,0
212_RGB.tif,3646.86328125,1932.2357177734375,3763.555419921875,2024.7650146484375,0,0,2340.60498046875,2846.99853515625,2451.90478515625,2960.4326171875,0,0,2532.045654296875,290.9254150390625,2667.7236328125,415.47637939453125,0,0,2910.436767578125,1979.2120361328125,3011.228515625,2082.912353515625,0,0
203_RGB.tif,1665.3533935546875,2000.0,1737.476806640625,2063.25732421875,0,0,1214.751708984375,2032.186279296875,1290.8375244140625,2121.34619140625,0,0,1151.760009765625,2192.854736328125,1294.992431640625,2340.0048828125,0,0,1543.433349609375,2749.27734375,1644.854248046875,2843.16943359375,0,0
113_RGB.tif,1545.0660400390625,733.7222900390625,1692.1624755859375,881.5581665039062,0,0,86.89387512207031,1702.0570068359375,215.06735229492188,1827.2518310546875,0,0,766.000244140625,1387.7205810546875,844.2218017578125,1467.7962646484375,0,0,1016.8991088867188,751.5892944335938,1107.089599609375,834.8666381835938,0,0,1241.983642578125,1850.865966796875,1366.67919921875,1970.161865234375,0,0
125_RGB.tif,1235.4852294921875,1875.4271240234375,1377.5927734375,2032.87451171875,0,0,3446.2939453125,1220.562744140625,3555.613525390625,1347.4676513671875,0,0,1624.17138671875,2535.2197265625,1718.0704345703125,2631.10498046875,0,0,2413.16650390625,1510.4195556640625,2489.62451171875,1571.232421875,0,0,1364.7412109375,732.32373046875,1477.916259765625,841.0975952148438,0,0
216_RGB.tif,2343.70166015625,1800.06787109375,2459.20068359375,1925.361572265625,0,0,2879.048828125,935.6273803710938,2994.92529296875,1056.5625,0,0,3593.379638671875,787.0528564453125,3741.748046875,910.6852416992188,0,0,1376.7642822265625,1259.227294921875,1494.162841796875,1380.2127685546875,0,0,3405.561279296875,2261.386474609375,3494.2333984375,2373.280517578125,0,0,607.4046630859375,1875.904296875,703.661376953125,1977.8126220703125,0,0
148_RGB.tif,1412.6341552734375,2536.95947265625,1512.005615234375,2600.0,0,0,1216.99609375,2438.84912109375,1353.1480712890625,2560.229736328125,0,0,2206.720703125,628.7549438476562,2338.06005859375,732.167724609375,0,0,2715.440673828125,799.61572265625,2822.302490234375,925.288330078125,0,0,2733.510009765625,500.0,2837.376220703125,574.2249145507812,0,0
174_RGB.tif,3589.640380859375,1855.2255859375,3677.42333984375,1932.01806640625,0,0
146_RGB.tif,1419.704833984375,2430.794677734375,1504.544677734375,2505.418701171875,0,0,1431.1961669921875,1966.925537109375,1518.0438232421875,2048.342529296875,0,0,1223.0333251953125,1861.840087890625,1373.24072265625,2004.926513671875,0,0,2062.73046875,2027.9022216796875,2180.615234375,2140.05078125,0,0
160_RGB.tif,2401.970458984375,2296.99755859375,2515.24560546875,2409.353515625,0,0,1000.0,537.6436767578125,1098.9505615234375,627.6310424804688,0,0,390.0458984375,847.0399780273438,493.99981689453125,938.6981201171875,0,0,1099.120361328125,409.344482421875,1171.041748046875,495.623046875,0,0,960.310302734375,640.4301147460938,1023.64501953125,705.4437255859375,0,0
111_RGB.tif,1385.62744140625,201.10235595703125,1533.6954345703125,357.35577392578125,0,0,861.2991943359375,210.84991455078125,955.1323852539062,297.35528564453125,0,0
165_RGB.tif,1557.346435546875,235.978271484375,1648.177001953125,341.65191650390625,0,0
193_RGB.tif,2591.893798828125,249.86412048339844,2733.07666015625,387.9192810058594,0,0,2002.8883056640625,1389.3134765625,2100.0,1468.9703369140625,0,0,1278.926025390625,1500.0,1438.760498046875,1600.6044921875,0,0,1213.1976318359375,964.7696533203125,1286.7884521484375,1035.438232421875,0,0,1154.193603515625,1644.7099609375,1259.92041015625,1742.7418212890625,0,0
154_RGB.tif,1455.3486328125,481.5894470214844,1542.6922607421875,575.5787353515625,0,0,1570.52490234375,2401.89697265625,1719.980224609375,2526.690185546875,0,0,1022.714599609375,1706.7943115234375,1128.916015625,1810.45751953125,0,0,2196.24853515625,170.5970458984375,2289.406005859375,274.703369140625,0,0,1575.0223388671875,2047.4979248046875,1700.329345703125,2178.187744140625,0,0,1879.8309326171875,2215.0185546875,1957.224365234375,2287.48828125,0,0,1693.2205810546875,2852.568115234375,1835.671630859375,2970.4921875,0,0,3927.96875,2778.40283203125,4048.8662109375,2918.527099609375,0,0
215_RGB.tif,2348.07958984375,2173.05810546875,2456.49365234375,2291.208251953125,0,0,3392.722412109375,2651.34375,3506.644775390625,2770.552001953125,0,0,2893.489501953125,1304.523681640625,3009.649169921875,1424.199462890625,0,0,3615.38134765625,1183.062744140625,3750.64013671875,1314.5186767578125,0,0,1365.9608154296875,1617.0238037109375,1501.138671875,1743.44140625,0,0
149_RGB.tif,1421.036865234375,2923.88818359375,1509.7855224609375,2996.148681640625,0,0,1556.116455078125,80.89144897460938,1676.5693359375,225.74322509765625,0,0,2185.326171875,1036.0205078125,2304.481201171875,1145.6490478515625,0,0,2470.118896484375,1249.094482421875,2594.19580078125,1369.1759033203125,0,0,2043.6328125,772.464111328125,2175.59326171875,903.5462646484375,0,0
112_RGB.tif,1435.505859375,222.3201141357422,1536.187744140625,341.6922912597656,0,0,1422.434814453125,358.187744140625,1582.741455078125,524.071044921875,0,0,653.3178100585938,1028.33740234375,725.3076782226562,1090.3106689453125,0,0
217_RGB.tif,2357.5712890625,1354.968505859375,2477.95654296875,1475.908203125,0,0,3416.026611328125,1790.059814453125,3520.57958984375,1892.7127685546875,0,0,2888.97412109375,487.69891357421875,2994.13330078125,600.0,0,0,3603.342529296875,288.23260498046875,3747.40478515625,423.3726806640625,0,0,625.1947631835938,1445.095947265625,725.4158935546875,1546.61181640625,0,0,831.8816528320312,1500.0,926.80322265625,1597.27783203125,0,0,1382.6036376953125,825.8953247070312,1505.00732421875,938.8264770507812,0,0
161_RGB.tif,3514.442138671875,670.2660522460938,3604.758056640625,747.83544921875,0,0
159_RGB.tif,371.9582214355469,500.0,461.6023864746094,554.698974609375,0,0,2328.147216796875,1939.001953125,2467.72802734375,2063.518798828125,0,0,133.55458068847656,2531.838623046875,244.46131896972656,2641.977294921875,0,0,938.6774291992188,293.98602294921875,1008.7247924804688,355.61175537109375,0,0,1076.0205078125,2333.65283203125,1171.4725341796875,2444.008056640625,0,0,1143.9310302734375,201.2035675048828,1229.0048828125,282.07965087890625,0,0,978.260009765625,176.7003936767578,1091.565673828125,285.30157470703125,0,0
131_RGB.tif,1425.535400390625,93.40235137939453,1509.947509765625,176.36929321289062,0,0,3094.14892578125,830.0045166015625,3212.639404296875,957.8026733398438,0,0,3373.364501953125,539.0485229492188,3482.32177734375,655.432861328125,0,0,329.1173095703125,1004.1508178710938,425.0301513671875,1094.878173828125,0,0,1661.3243408203125,1736.9383544921875,1767.7315673828125,1845.580810546875,0,0,2900.320068359375,191.4893035888672,3021.57080078125,277.39190673828125,0,0,3971.64501953125,1247.85498046875,4082.13427734375,1330.741455078125,0,0,1518.0784912109375,2400.0,1614.8616943359375,2506.747802734375,0,0,1977.158447265625,1933.7822265625,2070.048828125,2027.4117431640625,0,0,2569.715087890625,503.5339660644531,2655.187255859375,588.1046752929688,0,0
121_RGB.tif,2628.085205078125,1500.0,2709.75048828125,1572.0704345703125,0,0,687.9584350585938,1579.9287109375,816.949462890625,1707.762451171875,0,0,1165.4132080078125,1147.195556640625,1258.7735595703125,1241.8729248046875,0,0,1758.7041015625,2000.0,1865.087890625,2074.225830078125,0,0,2002.2069091796875,1534.27294921875,2059.3330078125,1606.2698974609375,0,0,834.308837890625,478.0291748046875,965.8658447265625,598.9955444335938,0,0
188_RGB.tif,1944.00341796875,2003.560791015625,2075.02490234375,2100.0,0,0,317.40478515625,2684.290283203125,423.54412841796875,2793.373291015625,0,0,776.653076171875,688.538330078125,858.5492553710938,760.4771118164062,0,0,900.9929809570312,887.456787109375,1014.2471923828125,991.12353515625,0,0,965.7648315429688,681.66357421875,1100.0,796.10009765625,0,0,3179.867431640625,2845.125,3360.140625,2974.886474609375,0,0
158_RGB.tif,317.77972412109375,134.7999267578125,439.8280029296875,231.8221435546875,0,0,2270.42626953125,1584.3709716796875,2416.714111328125,1732.1463623046875,0,0,1013.970703125,2000.0,1100.0,2068.614990234375,0,0,97.4875259399414,2440.0986328125,210.04095458984375,2553.737060546875,0,0
104_RGB.tif,1389.22509765625,2277.35693359375,1544.35498046875,2409.9306640625,0,0,1043.2486572265625,1676.749755859375,1124.7822265625,1756.693115234375,0,0,1500.622802734375,1176.330322265625,1608.34228515625,1280.15576171875,0,0,613.61279296875,414.3018493652344,697.0143432617188,495.2628479003906,0,0,341.90533447265625,880.7722778320312,485.16815185546875,1082.8016357421875,0,0
155_RGB.tif,0.0,1189.2607421875,86.4478988647461,1287.1278076171875,0,0,1253.8968505859375,2297.601318359375,1388.8426513671875,2417.764892578125,0,0,1059.2735595703125,2112.41357421875,1166.470458984375,2219.025146484375,0,0,2199.928955078125,537.0271606445312,2302.302734375,632.7960815429688,0,0,1622.9185791015625,2432.7880859375,1748.93505859375,2568.77880859375,0,0,2001.27294921875,961.6159057617188,2062.70703125,1028.273193359375,0,0,3940.849365234375,2302.333251953125,4023.32861328125,2380.374755859375,0,0,261.4508056640625,696.697998046875,364.1291198730469,779.0020751953125,0,0,683.264892578125,700.42529296875,795.400390625,809.1264038085938,0,0
115_RGB.tif,300.5504150390625,2376.04052734375,437.766357421875,2504.8466796875,0,0,1631.7498779296875,596.6754760742188,1705.961669921875,669.333740234375,0,0,1445.703857421875,2503.118896484375,1576.951171875,2632.011474609375,0,0,1275.6014404296875,593.087158203125,1366.2490234375,682.936279296875,0,0
110_RGB.tif,1372.324462890625,296.6856689453125,1532.5377197265625,469.8302001953125,0,0,1022.4224853515625,1414.756103515625,1142.77392578125,1535.409423828125,0,0
164_RGB.tif,561.5613403320312,2080.154052734375,694.5478515625,2187.929443359375,0,0,1033.13525390625,1842.394775390625,1126.8162841796875,1923.924072265625,0,0,143.99241638183594,11.401800155639648,240.44686889648438,123.76071166992188,0,0,1469.8221435546875,186.11624145507812,1571.3856201171875,283.966796875,0,0,642.1162719726562,22.41452980041504,724.9413452148438,88.67626953125,0,0,3776.203369140625,1500.0,3851.257568359375,1555.8013916015625,0,0
156_RGB.tif,10.170158386230469,1617.122802734375,122.3726806640625,1726.3673095703125,0,0,1098.352783203125,2519.7451171875,1213.447998046875,2627.406494140625,0,0,2218.8486328125,892.7595825195312,2318.8857421875,1007.3758544921875,0,0,930.2764282226562,1212.161865234375,1032.255615234375,1326.2762451171875,0,0,0.0,1306.014404296875,89.080322265625,1408.39990234375,0,0,1335.302490234375,2354.10693359375,1468.4954833984375,2492.955078125,0,0
199_RGB.tif,1526.5968017578125,2069.715576171875,1600.650634765625,2142.71728515625,0,0,1330.7958984375,2481.327880859375,1418.26953125,2563.02490234375,0,0,3067.1884765625,1716.1322021484375,3192.48828125,1831.665283203125,0,0,3168.405029296875,260.28106689453125,3244.93994140625,333.07440185546875,0,0,1283.51025390625,2702.390380859375,1397.693603515625,2822.72900390625,0,0,1458.376953125,2579.677001953125,1597.777587890625,2714.4140625,0,0
189_RGB.tif,865.66259765625,992.42578125,952.8807983398438,1064.2744140625,0,0,2059.867431640625,2400.0,2174.30126953125,2474.33984375,0,0,2415.576416015625,1767.6290283203125,2513.2431640625,1860.742431640625,0,0
183_RGB.tif,1263.9124755859375,1459.0919189453125,1387.619384765625,1587.10693359375,0,0,2758.4267578125,1064.4140625,2849.237060546875,1155.2406005859375,0,0,1127.4654541015625,1791.5780029296875,1291.5294189453125,1932.8863525390625,0,0,2441.631103515625,2636.224609375,2558.6015625,2768.76513671875,0,0,2907.072021484375,2722.41650390625,3022.0712890625,2850.164794921875,0,0,1045.6866455078125,2081.990966796875,1170.8731689453125,2248.87158203125,0,0,1012.510009765625,1790.6431884765625,1111.098388671875,1890.892578125,0,0,344.5840759277344,1000.0,457.9631652832031,1072.5213623046875,0,0,1346.577392578125,403.73638916015625,1485.929443359375,516.0823974609375,0,0,1324.875,177.39703369140625,1464.74609375,333.69427490234375,0,0,2575.233154296875,1059.758544921875,2761.01953125,1205.6658935546875,0,0,397.01409912109375,1646.516845703125,467.1651611328125,1717.4923095703125,0,0
91_RGB.tif,1705.946533203125,2101.81103515625,1815.3773193359375,2217.567626953125,0,0,166.91921997070312,1500.987060546875,288.7178955078125,1594.59326171875,0,0,264.8318176269531,915.594482421875,379.3145751953125,1025.878662109375,0,0,1642.00439453125,977.1448364257812,1748.4940185546875,1090.754150390625,0,0,671.5738525390625,2018.1619873046875,779.9881591796875,2100.0,0,0
198_RGB.tif,1504.6142578125,2510.019287109375,1593.889892578125,2586.6962890625,0,0,1648.19384765625,2585.284912109375,1806.1376953125,2708.50537109375,0,0,1601.1068115234375,2061.637451171875,1691.5185546875,2150.49169921875,0,0,2027.7025146484375,0.0,2097.916748046875,49.08837127685547,0,0,3041.341552734375,1385.51708984375,3179.627685546875,1506.370849609375,0,0
141_RGB.tif,1818.4810791015625,2326.46826171875,1922.3446044921875,2435.180908203125,0,0,518.6312255859375,2548.635498046875,628.0970458984375,2631.204345703125,0,0,3523.996337890625,2852.09423828125,3636.349365234375,2952.5810546875,0,0,3414.97705078125,861.0875854492188,3518.071533203125,988.3705444335938,0,0
195_RGB.tif,2967.02587890625,1656.6387939453125,3067.877197265625,1771.611083984375,0,0,1326.968994140625,1383.9222412109375,1476.371826171875,1516.527099609375,0,0,2733.57568359375,231.34759521484375,2876.47265625,378.84417724609375,0,0
96_RGB.tif,2213.380859375,2548.976806640625,2340.84521484375,2692.137939453125,0,0,434.9004821777344,1707.1627197265625,527.115234375,1801.299072265625,0,0,795.6527709960938,1335.07373046875,906.6705322265625,1463.93701171875,0,0
204_RGB.tif,1330.0147705078125,2402.49658203125,1407.823974609375,2491.39013671875,0,0,1236.819580078125,2357.93310546875,1354.6929931640625,2480.19775390625,0,0,1779.607421875,2352.76416015625,1855.921630859375,2445.816162109375,0,0,666.673583984375,185.75311279296875,762.4661865234375,285.63519287109375,0,0,1270.0028076171875,2560.7060546875,1402.2939453125,2696.749267578125,0,0
153_RGB.tif,1857.2552490234375,1857.6282958984375,1932.2900390625,1922.8935546875,0,0,1011.7964477539062,1322.881103515625,1112.0115966796875,1416.6885986328125,0,0,1029.44580078125,1439.4189453125,1185.1207275390625,1593.8162841796875,0,0,1670.0560302734375,2482.97509765625,1790.236328125,2598.7529296875,0,0,1216.955078125,1529.9256591796875,1309.70751953125,1621.7344970703125,0,0,1257.67724609375,1176.1566162109375,1380.4356689453125,1333.7978515625,0,0,1454.54443359375,120.43511962890625,1543.4324951171875,215.11334228515625,0,0
105_RGB.tif,1134.0279541015625,1992.0460205078125,1221.9366455078125,2078.51171875,0,0,1512.2896728515625,2608.977294921875,1616.25146484375,2715.80615234375,0,0
138_RGB.tif,1871.4249267578125,1600.6046142578125,1970.22509765625,1699.9146728515625,0,0,1309.1824951171875,2467.678466796875,1403.9527587890625,2564.971435546875,0,0,2517.06591796875,1530.2752685546875,2632.297607421875,1625.076904296875,0,0,3002.815673828125,1824.300537109375,3116.476318359375,1935.461669921875,0,0,3198.717041015625,507.7107238769531,3313.390380859375,599.3543701171875,0,0
88_RGB.tif,1408.947021484375,1295.6484375,1528.91796875,1411.223876953125,0,0,1372.339599609375,145.7629852294922,1477.14599609375,248.44729614257812,0,0,378.08306884765625,1165.3740234375,490.04888916015625,1276.1397705078125,0,0,345.54931640625,566.3154296875,534.139892578125,731.02294921875,0,0,2788.130859375,2414.73681640625,2904.884765625,2534.83544921875,0,0,2201.939697265625,2889.89990234375,2298.498779296875,2982.447998046875,0,0,16.700042724609375,25.840496063232422,83.56375122070312,132.0375213623047,0,0
179_RGB.tif,2022.9273681640625,1464.171875,2102.5166015625,1556.372802734375,0,0,19.611711502075195,1680.9404296875,100.41094207763672,1754.89453125,0,0,1932.718505859375,1148.2451171875,2037.026611328125,1280.1746826171875,0,0,2382.2373046875,1201.06591796875,2472.42822265625,1298.1162109375,0,0
172_RGB.tif,3440.850830078125,770.7445068359375,3600.0,898.0314331054688,0,0,2100.31396484375,2074.71728515625,2225.806884765625,2190.61865234375,0,0,1133.6380615234375,209.31497192382812,1279.304931640625,351.85302734375,0,0
201_RGB.tif,1000.9625854492188,1362.875244140625,1057.5799560546875,1443.61279296875,0,0,1334.8782958984375,2128.76220703125,1438.2640380859375,2226.5146484375,0,0,1436.3641357421875,1315.0926513671875,1513.137451171875,1389.1390380859375,0,0,2518.111083984375,2431.415283203125,2644.623779296875,2563.0029296875,0,0,933.84228515625,1534.68505859375,1066.30078125,1674.078369140625,0,0
166_RGB.tif,1586.5003662109375,99.65419006347656,1678.5103759765625,196.65866088867188,0,0,1967.595458984375,854.749755859375,2042.146484375,931.5435791015625,0,0
214_RGB.tif,2331.318115234375,2556.804931640625,2430.822021484375,2654.296142578125,0,0,3615.90380859375,1596.305908203125,3730.268798828125,1695.1419677734375,0,0,2880.76611328125,1678.10888671875,2992.65185546875,1786.3929443359375,0,0,2519.410888671875,21.28915786743164,2633.356201171875,128.69276428222656,0,0
150_RGB.tif,1562.6534423828125,510.9046325683594,1661.5413818359375,634.2848510742188,0,0,823.4613647460938,534.196044921875,938.968505859375,642.1619873046875,0,0,1206.2552490234375,320.91546630859375,1331.1822509765625,441.3968811035156,0,0,1036.8333740234375,240.00515747070312,1168.14501953125,372.920166015625,0,0,1631.9576416015625,1296.9044189453125,1754.926025390625,1413.229736328125,0,0
119_RGB.tif,1004.2215576171875,622.5880126953125,1069.4368896484375,696.5869140625,0,0,515.2982177734375,1074.4107666015625,637.7144775390625,1179.520751953125,0,0,3770.18310546875,2814.67041015625,3880.14306640625,2923.05029296875,0,0
107_RGB.tif,1341.908935546875,2601.7900390625,1437.424560546875,2694.72509765625,0,0,507.7581787109375,1886.110595703125,592.1913452148438,1962.4112548828125,0,0,2885.367431640625,2759.65087890625,3002.830322265625,2896.90625,0,0
202_RGB.tif,1087.8447265625,1681.796630859375,1170.574462890625,1772.232666015625,0,0,225.27764892578125,1642.56640625,351.1814270019531,1752.8507080078125,0,0,1036.888671875,1848.81298828125,1166.0238037109375,1991.252685546875,0,0,2829.070556640625,2437.1357421875,2939.6201171875,2560.013916015625,0,0,1538.0777587890625,1631.09765625,1610.8248291015625,1711.39697265625,0,0
101_RGB.tif,750.0892333984375,769.7655639648438,839.9739379882812,859.2413330078125,0,0,1108.6729736328125,1370.0994873046875,1237.3443603515625,1502.383544921875,0,0,120.487548828125,595.3057250976562,212.05264282226562,687.5083618164062,0,0
218_RGB.tif,2350.225830078125,1141.6241455078125,2467.015625,1256.4730224609375,0,0,3410.373291015625,1537.94140625,3514.522705078125,1645.600830078125,0,0,2862.87890625,247.0880584716797,2971.889404296875,366.00933837890625,0,0,623.7716674804688,1260.33740234375,714.086181640625,1355.81494140625,0,0,1356.48291015625,618.170166015625,1484.866943359375,733.4498901367188,0,0,3656.956787109375,2471.248046875,3774.2236328125,2585.93994140625,0,0,3420.1357421875,500.0,3500.4814453125,548.4830932617188,0,0,904.2008056640625,1106.155517578125,986.7340698242188,1181.40478515625,0,0,325.00030517578125,873.3290405273438,446.7223205566406,983.8589477539062,0,0
130_RGB.tif,1871.4735107421875,1588.108154296875,1968.8310546875,1687.934326171875,0,0,1547.503662109375,1412.760498046875,1684.29931640625,1522.4925537109375,0,0,3256.91748046875,178.36892700195312,3383.512939453125,291.419189453125,0,0,1910.3203125,2360.843505859375,2024.152099609375,2467.167236328125,0,0,231.35202026367188,669.532470703125,344.7237854003906,794.4420776367188,0,0,3003.947998046875,502.70648193359375,3083.177978515625,593.7477416992188,0,0,1405.70947265625,2041.249267578125,1527.498779296875,2190.416748046875,0,0
208_RGB.tif,330.4730224609375,1748.129150390625,426.1007080078125,1834.94970703125,0,0,1399.341552734375,583.5426025390625,1503.86962890625,690.2161865234375,0,0,3046.7626953125,125.84159851074219,3162.55810546875,238.49945068359375,0,0,292.04052734375,323.5119323730469,390.44708251953125,439.5390930175781,0,0,1047.185546875,1531.326904296875,1139.279296875,1633.6806640625,0,0
126_RGB.tif,3574.84619140625,1560.0601806640625,3673.36328125,1665.3709716796875,0,0,1349.197265625,2179.436279296875,1497.3531494140625,2349.239013671875,0,0,1038.87353515625,618.5488891601562,1135.9130859375,725.743408203125,0,0,1740.4310302734375,2841.4482421875,1846.2938232421875,2946.783203125,0,0
89_RGB.tif,1434.6171875,1397.643310546875,1549.4713134765625,1518.5540771484375,0,0,1352.92138671875,252.54244995117188,1452.912109375,350.2874450683594,0,0,383.92333984375,1307.896240234375,511.6859130859375,1418.4346923828125,0,0,317.2169494628906,707.522705078125,527.7265625,871.7886962890625,0,0,2848.883056640625,2470.490966796875,2951.75244140625,2576.103271484375,0,0
205_RGB.tif,25.625879287719727,649.8072509765625,108.34563446044922,732.7847900390625,0,0,1433.286865234375,2755.011962890625,1515.2442626953125,2855.38232421875,0,0,1875.318359375,14.184024810791016,1958.38037109375,102.10862731933594,0,0,764.4560546875,518.69677734375,853.4332885742188,600.0,0,0,1877.041259765625,2709.001953125,1972.605224609375,2805.88671875,0,0,1578.7171630859375,43.889251708984375,1672.1793212890625,166.35055541992188,0,0,3987.62353515625,2349.221923828125,4093.986083984375,2458.90478515625,0,0
117_RGB.tif,1435.912841796875,1282.95458984375,1524.05712890625,1368.264892578125,0,0,1121.13134765625,2755.927490234375,1201.885986328125,2850.04150390625,0,0,1276.61865234375,189.40219116210938,1344.870361328125,256.62396240234375,0,0,1783.134765625,1277.32763671875,1862.8408203125,1352.480224609375,0,0
93_RGB.tif,429.60498046875,2146.20068359375,543.9413452148438,2261.736328125,0,0,541.79052734375,276.953369140625,641.8570556640625,379.8887023925781,0,0,1882.546630859375,1627.376953125,2018.6494140625,1778.458984375,0,0,541.0704956054688,1556.7760009765625,649.7757568359375,1662.908203125,0,0,908.4862060546875,2635.08935546875,1004.866455078125,2727.827880859375,0,0,477.86297607421875,941.8262939453125,575.3930053710938,1033.239501953125,0,0,1916.76318359375,2744.640869140625,2036.3427734375,2851.892333984375,0,0,2683.044677734375,1064.955810546875,2792.29052734375,1157.6884765625,0,0,84.9722671508789,746.6878662109375,180.56881713867188,841.57861328125,0,0
142_RGB.tif,1814.886962890625,2689.02490234375,1921.621337890625,2796.251953125,0,0,1560.5947265625,334.610107421875,1638.761474609375,416.9935302734375,0,0,2312.29736328125,2064.6064453125,2465.530517578125,2212.2255859375,0,0,1436.6484375,1000.0,1538.0416259765625,1084.564208984375,0,0,3140.827392578125,1759.736572265625,3255.90185546875,1877.237548828125,0,0,2957.5732421875,1187.9976806640625,3065.743408203125,1288.3309326171875,0,0,3404.072509765625,1294.5943603515625,3487.261962890625,1379.8447265625,0,0
122_RGB.tif,1858.9036865234375,2301.29443359375,2016.9444580078125,2442.202392578125,0,0,2739.370361328125,1829.8017578125,2823.321533203125,1918.3779296875,0,0,917.1057739257812,853.2880859375,1049.5208740234375,986.3597412109375,0,0,3120.259521484375,198.48985290527344,3225.50244140625,320.49853515625,0,0,799.2566528320312,1945.085205078125,925.3812866210938,2090.099609375,0,0,1269.185302734375,1528.5938720703125,1359.2149658203125,1613.7191162109375,0,0
98_RGB.tif,591.8309936523438,1588.58544921875,701.8233642578125,1696.887451171875,0,0,3214.761474609375,2612.4091796875,3327.37939453125,2719.927978515625,0,0,1002.3344116210938,2505.7197265625,1134.3504638671875,2600.0,0,0
143_RGB.tif,1570.259521484375,780.3360595703125,1651.0057373046875,865.6092529296875,0,0,3424.7998046875,1747.11962890625,3510.071044921875,1840.7071533203125,0,0,3655.17138671875,1632.802001953125,3785.761962890625,1744.2857666015625,0,0,2885.991943359375,415.0414123535156,3012.3623046875,531.6652221679688,0,0
147_RGB.tif,2255.30908203125,119.64692687988281,2362.438720703125,227.01974487304688,0,0,2770.43896484375,3.7562942504882812,2878.859130859375,86.6242446899414,0,0,1410.56982421875,2042.5352783203125,1507.1873779296875,2130.36865234375,0,0
133_RGB.tif,1604.29541015625,665.1358032226562,1702.0792236328125,766.1951904296875,0,0,2193.14306640625,2594.853759765625,2293.41650390625,2695.837646484375,0,0,589.9597778320312,520.1834716796875,680.4827880859375,613.23828125,0,0,1904.605224609375,1159.2322998046875,2018.58203125,1259.2119140625,0,0,3323.5703125,1513.8880615234375,3437.16455078125,1627.248046875,0,0,1500.0,1164.5401611328125,1608.161865234375,1284.95703125,0,0,3094.94384765625,1306.78076171875,3219.6923828125,1403.83642578125,0,0,1517.758544921875,2325.843017578125,1600.0,2419.264892578125,0,0,2673.03173828125,1503.034423828125,2772.925048828125,1590.88037109375,0,0
185_RGB.tif,3002.13037109375,1778.724609375,3084.86865234375,1864.1893310546875,0,0,1277.761474609375,2791.7158203125,1385.792236328125,2930.474853515625,0,0,3740.614501953125,2791.959228515625,3899.12890625,2936.695556640625,0,0,877.8463745117188,2400.319580078125,986.4176025390625,2499.10302734375,0,0,613.365234375,2312.80322265625,689.444091796875,2397.196533203125,0,0,796.3598022460938,2048.84619140625,916.1665649414062,2197.93212890625,0,0,1611.251953125,1142.2838134765625,1729.4334716796875,1240.435546875,0,0
194_RGB.tif,1275.388427734375,1302.898681640625,1442.1077880859375,1451.382080078125,0,0,1510.9742431640625,2444.439208984375,1583.2274169921875,2510.76708984375,0,0,2152.72216796875,2644.857421875,2259.04443359375,2746.4931640625,0,0
120_RGB.tif,576.0142822265625,1201.9505615234375,704.9605102539062,1331.17724609375,0,0,722.0178833007812,73.54814147949219,870.6211547851562,217.47711181640625,0,0,1630.01708984375,1569.9471435546875,1780.10595703125,1719.8309326171875,0,0,1060.7529296875,762.4817504882812,1155.280029296875,860.21630859375,0,0
140_RGB.tif,1229.581298828125,2778.296875,1337.648681640625,2896.640625,0,0,1808.111572265625,1947.049072265625,1913.850341796875,2052.448974609375,0,0,3001.1904296875,373.1740417480469,3090.001708984375,457.31353759765625,0,0,1459.6466064453125,215.26119995117188,1589.2982177734375,340.1661376953125,0,0,3080.150146484375,336.2817687988281,3242.72021484375,454.0634765625,0,0,2450.386962890625,1927.3040771484375,2578.853759765625,2050.44140625,0,0,914.9867553710938,2586.379150390625,1062.305419921875,2731.97314453125,0,0,3160.311279296875,957.4835815429688,3272.5087890625,1065.01806640625,0,0
176_RGB.tif,1844.62060546875,2344.837890625,1941.32275390625,2432.512451171875,0,0,3639.60107421875,1256.86181640625,3770.7158203125,1419.6474609375,0,0,1672.36669921875,248.88816833496094,1769.256103515625,364.71124267578125,0,0,1260.9736328125,529.288818359375,1348.072021484375,613.9857177734375,0,0
196_RGB.tif,2850.256591796875,632.22216796875,2994.462158203125,775.57470703125,0,0,1434.23193359375,1773.434326171875,1576.3642578125,1898.63037109375,0,0
